{
  "total_images": 3,
  "image_paths": [
    "colab_real_dataset\\images\\image_0000.png",
    "colab_real_dataset\\images\\image_0001.png",
    "colab_real_dataset\\images\\image_0002.png"
  ],
  "label_paths": [
    "colab_real_dataset\\labels\\image_0000.txt",
    "colab_real_dataset\\labels\\image_0001.txt",
    "colab_real_dataset\\labels\\image_0002.txt"
  ],
  "metadata": [
    {
      "image_id": 0,
      "xml_file": "FG-GML-4930-64-00-DEM5A-20250620.xml",
      "kofun_count": 0,
      "coordinates": [
        33.166666667,
        130.5,
        33.175,
        130.5125
      ],
      "kofun_details": []
    },
    {
      "image_id": 1,
      "xml_file": "FG-GML-4930-64-08-DEM5A-20250620.xml",
      "kofun_count": 0,
      "coordinates": [
        33.166666667,
        130.6,
        33.175,
        130.6125
      ],
      "kofun_details": []
    },
    {
      "image_id": 2,
      "xml_file": "FG-GML-4930-64-23-DEM5A-20250620.xml",
      "kofun_count": 0,
      "coordinates": [
        33.183333333,
        130.5375,
        33.191666667,
        130.55
      ],
      "kofun_details": []
    }
  ]
}